{"blocks":[{"id":"wxnefw","name":"Installing","type":"stage","properties":{"__ACTION_CODE":"fake_action","when":""},"isPostAction":false,"coords":{"x":240,"y":0,"width":180,"height":28,"endY":101},"collapsed":false},{"id":"g20iik","name":"Testing","type":"stage","properties":{"__ACTION_CODE":"fake_action","when":""},"isPostAction":false,"coords":{"x":480,"y":0,"width":180,"height":28,"endY":101},"collapsed":false},{"id":"1fq5gs","name":"Building","type":"stage","properties":{"__ACTION_CODE":"fake_action","when":""},"isPostAction":false,"coords":{"x":720,"y":0,"width":180,"height":28,"endY":101},"collapsed":false},{"id":"cr5j7m","name":"Deploy","type":"stage","properties":{"__ACTION_CODE":"fake_action","when":""},"isPostAction":false,"coords":{"x":960,"y":0,"width":180,"height":28,"endY":685},"collapsed":false},{"id":"r7qc4l","name":"install","type":"step","properties":{"__ACTION_CODE":"bf157e57-3744-4f2f-bd3b-155db4016d6c","git_repo_url":null,"host-user-reponame":null,"tarball-file":null,"tarball-url":null,"folder":null,"__REF_PLUGIN":"edgeops-nodejs-plugin@3.4.3"},"isPostAction":false,"tool":"npm","instrumentImage":"storage:images/edgeops-nodejs-plugin/npm.png","coords":{"x":280,"y":73,"width":140,"height":28,"endY":101},"isBrokenPipeline":false},{"id":"ii8non","name":"test","type":"step","properties":{"__ACTION_CODE":"353fcb71-77b2-429a-9d5b-147a6aa9e0e5","poll":null,"reporters":null,"cli_project":null,"cli_browsers":"ChromeHeadless","cli_codeCoverage":true,"cli_codeCoverageExclude":null,"cli_configuration":null,"cli_include":null,"cli_karmaConfig":null,"cli_main":null,"cli_polyfills":null,"cli_preserveSymlinks":false,"cli_prod":null,"cli_sourceMap":true,"cli_tsConfig":null,"cli_watch":false,"cli_webWorkerTsConfig":null,"__REF_PLUGIN":"edgeops-nodejs-plugin@3.4.3","__CONFIGURED":false},"isPostAction":false,"tool":"Angular CLI","instrumentImage":"storage:images/edgeops-nodejs-plugin/ng.png","coords":{"x":520,"y":73,"width":140,"height":28,"endY":101},"isBrokenPipeline":false},{"id":"i0f2h3","name":"build","type":"step","properties":{"__ACTION_CODE":"3d70a4df-1631-47f6-ba27-61e810fcf2a2","project":null,"poll":null,"cli_aot":false,"cli_baseHref":null,"cli_buildOptimizer":false,"cli_commonChunk":true,"cli_configuration":null,"cli_crossOrigin":"none","cli_deleteOutputPath":true,"cli_deployUrl":null,"cli_extractCss":false,"cli_extractLicenses":false,"cli_forkTypeChecker":true,"cli_index":null,"cli_localize":null,"cli_main":null,"cli_namedChunks":true,"cli_ngswConfigPath":null,"cli_optimization":null,"cli_outputHashing":"none","cli_outputPath":null,"cli_polyfills":null,"cli_preserveSymlinks":false,"cli_prod":true,"cli_resourcesOutputPath":null,"cli_serviceWorker":false,"cli_sourceMap":true,"cli_statsJson":false,"cli_subresourceIntegrity":false,"cli_tsConfig":null,"cli_vendorChunk":true,"cli_webWorkerTsConfig":null,"__REF_PLUGIN":"edgeops-nodejs-plugin@3.4.3","__CONFIGURED":false},"isPostAction":false,"tool":"Angular CLI","instrumentImage":"storage:images/edgeops-nodejs-plugin/ng.png","coords":{"x":760,"y":73,"width":140,"height":28,"endY":101},"isBrokenPipeline":false},{"id":"1t2w2u","name":"DockerPipelineScript","type":"stepGroup","properties":{"__ACTION_CODE":"161e54f2-7b65-4748-b15c-947657db7bea","credentialsId":null,"url":"https://artifactory.dagility.com","__REF_PLUGIN":"edgeops-jenkins-plugin@3.4.3","__CONFIGURED":false},"isPostAction":false,"tool":"Docker","instrumentImage":"storage:images/edgeops-jenkins-plugin/docker.png","coords":{"x":1000,"y":73,"width":140,"height":28,"endY":247},"isBrokenPipeline":false},{"id":"yrl20w","name":"helm-package","type":"step","properties":{"__ACTION_CODE":"a2534f72-6759-11ea-bc55-0242ac130003","chart_directory":"chart","__REF_PLUGIN":"edgeops-jenkins-plugin@3.4.3"},"isPostAction":false,"tool":"Kubernetes","instrumentImage":"storage:images/edgeops-jenkins-plugin/k8s.png","coords":{"x":1000,"y":292,"width":140,"height":28,"endY":320},"isBrokenPipeline":false},{"id":"icoxs7","name":"Use Credentials","type":"stepGroup","properties":{"__ACTION_CODE":"095e5fa4-9d94-4819-bf32-fbe14ffebcb6","credentialsId":null,"password":"PASS","username":"USER","__REF_PLUGIN":"edgeops-jenkins-plugin@3.4.3","__CONFIGURED":false,"credentialsType":null,"alias":null},"isPostAction":false,"tool":"Jenkins","instrumentImage":"storage:images/edgeops-jenkins-plugin/jenkins.png","coords":{"x":1000,"y":365,"width":140,"height":28,"endY":466},"isBrokenPipeline":false},{"id":"v8rljh","name":"helm-repo-add","type":"step","properties":{"__ACTION_CODE":"bbd28274-6759-11ea-bc55-0242ac1300030","repo_name":"${component.properties.repository}","repo_url":"https://artifactory.dagility.com/artifactory/helm","cli_username":"USER","cli_password":"PASS","credentials_id":null,"__REF_PLUGIN":"edgeops-jenkins-plugin@3.4.3","__CONFIGURED":true,"parameters":null},"isPostAction":false,"tool":"Kubernetes","instrumentImage":"storage:images/edgeops-jenkins-plugin/k8s.png","coords":{"x":1000,"y":511,"width":140,"height":28,"endY":539},"isBrokenPipeline":false},{"id":"xkb2da","name":"helm-repo-update","type":"step","properties":{"__ACTION_CODE":"d3d916ee-6759-11ea-bc55-0242ac130003","__REF_PLUGIN":"edgeops-jenkins-plugin@3.4.3"},"isPostAction":false,"tool":"Kubernetes","instrumentImage":"storage:images/edgeops-jenkins-plugin/k8s.png","coords":{"x":1000,"y":584,"width":140,"height":28,"endY":612},"isBrokenPipeline":false},{"id":"j0myop","name":"helm-upgrade","type":"step","properties":{"__ACTION_CODE":"69571155-c63f-4521-bacf-d6675216ae66","cli_install":"True","cli_values":"chart-values.yaml","cli_namespace":"${project.environment?lower_case}","deployment_name":"${component.properties.repository}-deployment","chart":"${component.properties.repository}/${component.properties.chart}","__REF_PLUGIN":"edgeops-jenkins-plugin@3.4.3","parameters":"--set ingress.hosts[0].host=${component.properties.host}","__CONFIGURED":true},"isPostAction":false,"tool":"Kubernetes","instrumentImage":"storage:images/edgeops-jenkins-plugin/k8s.png","coords":{"x":1000,"y":657,"width":140,"height":28,"endY":685},"isBrokenPipeline":false},{"id":"ffadbd","name":"execute","type":"step","properties":{"__ACTION_CODE":"7488b864-d484-4795-b1d1-a0c522bf2561","__REF_PLUGIN":"edgeops-jenkins-plugin@4.0.3","command":"curl -u$USER:$PASS -T ${component.properties.chart}-0.1.0.tgz 'https://artifactory.dagility.com/artifactory/helm-local/${component.properties.chart}-0.1.0.tgz' ","__CONFIGURED":true},"isPostAction":false,"tool":"Shell","instrumentImage":"storage:images/edgeops-jenkins-plugin/shell.png","isBrokenPipeline":false,"coords":{"x":1040,"y":438,"width":140,"height":28,"endY":466}},{"id":"dbaafa","name":"execute","type":"step","properties":{"__ACTION_CODE":"7488b864-d484-4795-b1d1-a0c522bf2561","__REF_PLUGIN":"edgeops-jenkins-plugin@4.0.3","command":"docker push artifactory.dagility.com/docker/${component.properties.repository}:latest","__CONFIGURED":true},"isPostAction":false,"tool":"Shell","instrumentImage":"storage:images/edgeops-jenkins-plugin/shell.png","isBrokenPipeline":false,"coords":{"x":1040,"y":219,"width":140,"height":28,"endY":247}},{"id":"bdcdeb","name":"execute","type":"step","properties":{"__ACTION_CODE":"7488b864-d484-4795-b1d1-a0c522bf2561","__REF_PLUGIN":"edgeops-jenkins-plugin@4.0.3","command":"docker build -t artifactory.dagility.com/docker/${component.properties.repository}:latest .","__CONFIGURED":true},"isPostAction":false,"tool":"Shell","instrumentImage":"storage:images/edgeops-jenkins-plugin/shell.png","isBrokenPipeline":false,"coords":{"x":1040,"y":146,"width":140,"height":28,"endY":174}}],"connectors":[{"from":"wxnefw","fromPort":"out","to":"g20iik","toPort":"in"},{"from":"g20iik","fromPort":"out","to":"1fq5gs","toPort":"in"},{"from":"1fq5gs","fromPort":"out","to":"cr5j7m","toPort":"in"},{"from":"wxnefw","fromPort":"start","to":"r7qc4l","toPort":"in"},{"from":"g20iik","fromPort":"start","to":"ii8non","toPort":"in"},{"from":"1fq5gs","fromPort":"start","to":"i0f2h3","toPort":"in"},{"from":"cr5j7m","fromPort":"start","to":"1t2w2u","toPort":"in"},{"from":"1t2w2u","fromPort":"out","to":"yrl20w","toPort":"in"},{"from":"yrl20w","fromPort":"out","to":"icoxs7","toPort":"in"},{"from":"icoxs7","fromPort":"out","to":"v8rljh","toPort":"in"},{"from":"v8rljh","fromPort":"out","to":"xkb2da","toPort":"in"},{"from":"xkb2da","fromPort":"out","to":"j0myop","toPort":"in"},{"from":"icoxs7","fromPort":"start","to":"ffadbd","toPort":"in"},{"from":"1t2w2u","fromPort":"start","to":"bdcdeb","toPort":"in"},{"from":"bdcdeb","fromPort":"out","to":"dbaafa","toPort":"in"}],"globalVariables":{"id":"5gwuwk","name":"Global Variables","type":"globalVariables","properties":{"__ACTION_CODE":"fake_action","script":""},"isPostAction":false,"coords":{"x":0,"y":0,"width":180,"height":28,"endY":28},"collapsed":false},"postActions":null,"children":{"wxnefw":["r7qc4l"],"g20iik":["ii8non"],"1fq5gs":["i0f2h3"],"cr5j7m":["1t2w2u","yrl20w","icoxs7","v8rljh","xkb2da","j0myop"],"icoxs7":["ffadbd"],"1t2w2u":["bdcdeb","dbaafa"]}}