{"blocks":[{"id":"yy9imc","name":"New Loop 1","type":"loop","properties":{"usePromotionPath":true},"coords":{"x":0,"y":0,"width":830,"height":28,"endY":28}},{"id":"lp4e35","name":"Jenkins Frontend converted","type":"step","properties":{"__ACTION_CODE":"fake_action","pipelineId":609144},"pipelineId":609144,"coords":{"x":45,"y":0,"width":140,"height":28,"endY":28}},{"id":"hajn3v","name":"Jenkins Backend Build","type":"step","properties":{"__ACTION_CODE":"fake_action","pipelineId":609145},"pipelineId":609145,"coords":{"x":245,"y":0,"width":140,"height":28,"endY":28}},{"id":"7cm12t","name":"Jenkins Backend Deploy","type":"step","properties":{"__ACTION_CODE":"fake_action","pipelineId":609146},"pipelineId":609146,"coords":{"x":445,"y":0,"width":140,"height":28,"endY":28}},{"id":"mwy1ib","name":"New Approval 1","type":"approval","properties":{"__ACTION_CODE":"fake_action"},"coords":{"x":645,"y":0,"width":140,"height":28,"endY":28}},{"id":"rk48z9","name":"Backend Security","type":"step","properties":{"__ACTION_CODE":"fake_action","pipelineId":609147},"pipelineId":609147,"coords":{"x":890,"y":0,"width":140,"height":28,"endY":28}}],"children":{"yy9imc":["lp4e35","hajn3v","7cm12t","mwy1ib"]},"connectors":[{"from":"yy9imc","fromPort":"start","to":"lp4e35","toPort":"in"},{"from":"lp4e35","fromPort":"out","to":"hajn3v","toPort":"in"},{"from":"hajn3v","fromPort":"out","to":"7cm12t","toPort":"in"},{"from":"7cm12t","fromPort":"out","to":"mwy1ib","toPort":"in"},{"from":"mwy1ib","fromPort":"out","to":"yy9imc","toPort":"end"},{"from":"yy9imc","fromPort":"out","to":"rk48z9","toPort":"in"}]}